{
	"mute": "🔇",
	"volumemiddle": "🔉",
	"volumelow": "🔈",
	"volumehigh": "🔊",
	"stop": "⏹️",
	"skip": "⏭️",
	"shuffle": "🔀",
	"rewind": "⏪",
	"resume": "▶️",
	"remove": "⏏️",
	"queue": "🎶",
	"playlist": "🎶",
	"play": "▶️",
	"pause": "⏸️",
	"loop": "🔁",
	"forward": "⏩",
	"filter": "<:filter:1002845503828004895>",
	"autoplay": "🎵",
	"addsong": "🎵",
	"music": "🎵",
	"warn": "<a:warning:1004256966224388106>",
	"join": "<a:correct:1004239653072801922>",
	"leave": "<a:false:1004240014126887014>",
	"about": "🔎",
	"jump": "⏭️"
}